Question,Answer,text
What prepaid plans are available with U Mobile?,"U Mobile offers several prepaid plans, including UMI 38, UMI 48, and UMI 58.","####Human:
generate a U Mobile FAQ prompt for What prepaid plans are available with U Mobile?

###Assistant:
U Mobile offers several prepaid plans, including UMI 38, UMI 48, and UMI 58.
"
How can I check my prepaid balance on U Mobile?,You can check your prepaid balance by dialing *118# or using the U Mobile app.,"####Human:
generate a U Mobile FAQ prompt for How can I check my prepaid balance on U Mobile?

###Assistant:
You can check your prepaid balance by dialing *118# or using the U Mobile app.
"
What is the process for porting my number to U Mobile?,"To port your number to U Mobile, visit a U Mobile store, provide ID, and fill out the MNP form.","####Human:
generate a U Mobile FAQ prompt for What is the process for porting my number to U Mobile?

###Assistant:
To port your number to U Mobile, visit a U Mobile store, provide ID, and fill out the MNP form.
"
Can I use my U Mobile plan for roaming?,"Yes, U Mobile offers international roaming services. Activate it via the app or customer service.","####Human:
generate a U Mobile FAQ prompt for Can I use my U Mobile plan for roaming?

###Assistant:
Yes, U Mobile offers international roaming services. Activate it via the app or customer service.
"
How do I subscribe to additional data for my postpaid plan?,Subscribe to additional data through the U Mobile app or by dialing *118#.,"####Human:
generate a U Mobile FAQ prompt for How do I subscribe to additional data for my postpaid plan?

###Assistant:
Subscribe to additional data through the U Mobile app or by dialing *118#.
"
What should I do if I lose my U Mobile SIM card?,"If you lose your U Mobile SIM card, contact customer service at 018 388 1318 for assistance.","####Human:
generate a U Mobile FAQ prompt for What should I do if I lose my U Mobile SIM card?

###Assistant:
If you lose your U Mobile SIM card, contact customer service at 018 388 1318 for assistance.
"
What are the benefits of the U Mobile postpaid plans?,"U Mobile postpaid plans come with benefits like unlimited calls, high-speed data, and additional add-ons.","####Human:
generate a U Mobile FAQ prompt for What are the benefits of the U Mobile postpaid plans?

###Assistant:
U Mobile postpaid plans come with benefits like unlimited calls, high-speed data, and additional add-ons.
"
How can I activate international roaming on my U Mobile number?,You can activate international roaming by using the U Mobile app or contacting customer service.,"####Human:
generate a U Mobile FAQ prompt for How can I activate international roaming on my U Mobile number?

###Assistant:
You can activate international roaming by using the U Mobile app or contacting customer service.
"
What is the validity period for U Mobile prepaid plans?,The validity period for U Mobile prepaid plans varies; check the specific plan for details.,"####Human:
generate a U Mobile FAQ prompt for What is the validity period for U Mobile prepaid plans?

###Assistant:
The validity period for U Mobile prepaid plans varies; check the specific plan for details.
"
Can I change my U Mobile prepaid plan?,"Yes, you can change your U Mobile prepaid plan by dialing *118# or using the U Mobile app.","####Human:
generate a U Mobile FAQ prompt for Can I change my U Mobile prepaid plan?

###Assistant:
Yes, you can change your U Mobile prepaid plan by dialing *118# or using the U Mobile app.
"
How do I check my data usage on U Mobile?,Check your data usage on U Mobile through the U Mobile app or by dialing *118#.,"####Human:
generate a U Mobile FAQ prompt for How do I check my data usage on U Mobile?

###Assistant:
Check your data usage on U Mobile through the U Mobile app or by dialing *118#.
"
Are there any loyalty rewards for long-term U Mobile customers?,U Mobile may offer loyalty rewards for long-term customers; check the U Mobile website for details.,"####Human:
generate a U Mobile FAQ prompt for Are there any loyalty rewards for long-term U Mobile customers?

###Assistant:
U Mobile may offer loyalty rewards for long-term customers; check the U Mobile website for details.
"
What is the U Mobile network coverage like?,U Mobile has extensive network coverage across Malaysia. You can check the coverage map on their website.,"####Human:
generate a U Mobile FAQ prompt for What is the U Mobile network coverage like?

###Assistant:
U Mobile has extensive network coverage across Malaysia. You can check the coverage map on their website.
"
How can I pay my U Mobile bill?,"You can pay your U Mobile bill through various methods, including online banking, the U Mobile app, or at U Mobile stores.","####Human:
generate a U Mobile FAQ prompt for How can I pay my U Mobile bill?

###Assistant:
You can pay your U Mobile bill through various methods, including online banking, the U Mobile app, or at U Mobile stores.
"
What is the maximum speed for U Mobile's 4G LTE network?,The maximum speed for U Mobile's 4G LTE network depends on your location and device.,"####Human:
generate a U Mobile FAQ prompt for What is the maximum speed for U Mobile's 4G LTE network?

###Assistant:
The maximum speed for U Mobile's 4G LTE network depends on your location and device.
"
Is there a grace period for bill payment with U Mobile?,U Mobile may offer a grace period for bill payment; check your bill or contact customer service for details.,"####Human:
generate a U Mobile FAQ prompt for Is there a grace period for bill payment with U Mobile?

###Assistant:
U Mobile may offer a grace period for bill payment; check your bill or contact customer service for details.
"
Can I share data with other U Mobile users?,"Yes, U Mobile allows data sharing with other U Mobile users through its DataShare feature.","####Human:
generate a U Mobile FAQ prompt for Can I share data with other U Mobile users?

###Assistant:
Yes, U Mobile allows data sharing with other U Mobile users through its DataShare feature.
"
What is the U Mobile referral program?,U Mobile may have a referral program where you can earn rewards for referring friends. Check the U Mobile website for details.,"####Human:
generate a U Mobile FAQ prompt for What is the U Mobile referral program?

###Assistant:
U Mobile may have a referral program where you can earn rewards for referring friends. Check the U Mobile website for details.
"
How can I upgrade my U Mobile prepaid plan?,You can upgrade your U Mobile prepaid plan by using the U Mobile app or contacting customer service.,"####Human:
generate a U Mobile FAQ prompt for How can I upgrade my U Mobile prepaid plan?

###Assistant:
You can upgrade your U Mobile prepaid plan by using the U Mobile app or contacting customer service.
"
Does U Mobile offer insurance for mobile devices?,U Mobile may offer insurance for mobile devices; check with customer service for available options.,"####Human:
generate a U Mobile FAQ prompt for Does U Mobile offer insurance for mobile devices?

###Assistant:
U Mobile may offer insurance for mobile devices; check with customer service for available options.
"
What is the U Mobile customer service hotline?,The U Mobile customer service hotline is 018 388 1318.,"####Human:
generate a U Mobile FAQ prompt for What is the U Mobile customer service hotline?

###Assistant:
The U Mobile customer service hotline is 018 388 1318.
"
Can I change my U Mobile postpaid plan?,"Yes, you can change your U Mobile postpaid plan by using the U Mobile app or contacting customer service.","####Human:
generate a U Mobile FAQ prompt for Can I change my U Mobile postpaid plan?

###Assistant:
Yes, you can change your U Mobile postpaid plan by using the U Mobile app or contacting customer service.
"
Is there a U Mobile app for managing my account?,"Yes, there is a U Mobile app available for both iOS and Android devices for managing your account.","####Human:
generate a U Mobile FAQ prompt for Is there a U Mobile app for managing my account?

###Assistant:
Yes, there is a U Mobile app available for both iOS and Android devices for managing your account.
"
What are the benefits of the U Mobile Unlimited Power Prepaid Pack?,The U Mobile Unlimited Power Prepaid Pack offers benefits like unlimited calls and high-speed data.,"####Human:
generate a U Mobile FAQ prompt for What are the benefits of the U Mobile Unlimited Power Prepaid Pack?

###Assistant:
The U Mobile Unlimited Power Prepaid Pack offers benefits like unlimited calls and high-speed data.
"
How do I set up voicemail on my U Mobile number?,Set up voicemail on your U Mobile number by following the instructions in your phone's settings or contacting customer service.,"####Human:
generate a U Mobile FAQ prompt for How do I set up voicemail on my U Mobile number?

###Assistant:
Set up voicemail on your U Mobile number by following the instructions in your phone's settings or contacting customer service.
"
What is the data rollover policy for U Mobile postpaid plans?,Check the specific U Mobile postpaid plan for details on the data rollover policy.,"####Human:
generate a U Mobile FAQ prompt for What is the data rollover policy for U Mobile postpaid plans?

###Assistant:
Check the specific U Mobile postpaid plan for details on the data rollover policy.
"
Does U Mobile support eSIM technology?,"Yes, U Mobile supports eSIM technology for compatible devices.","####Human:
generate a U Mobile FAQ prompt for Does U Mobile support eSIM technology?

###Assistant:
Yes, U Mobile supports eSIM technology for compatible devices.
"
How can I track my order if I purchase a U Mobile SIM card online?,You can track your U Mobile SIM card order online through the U Mobile website or contact customer service for assistance.,"####Human:
generate a U Mobile FAQ prompt for How can I track my order if I purchase a U Mobile SIM card online?

###Assistant:
You can track your U Mobile SIM card order online through the U Mobile website or contact customer service for assistance.
"
Are there any data-free apps available with U Mobile plans?,U Mobile may offer data-free apps with certain plans; check the plan details for information.,"####Human:
generate a U Mobile FAQ prompt for Are there any data-free apps available with U Mobile plans?

###Assistant:
U Mobile may offer data-free apps with certain plans; check the plan details for information.
"
What is the fair usage policy for unlimited calls on U Mobile plans?,The fair usage policy for unlimited calls on U Mobile plans may vary; check the plan terms for details.,"####Human:
generate a U Mobile FAQ prompt for What is the fair usage policy for unlimited calls on U Mobile plans?

###Assistant:
The fair usage policy for unlimited calls on U Mobile plans may vary; check the plan terms for details.
"
Can I use my U Mobile plan in other countries without roaming?,"While U Mobile offers international roaming, it's advisable to check roaming rates and plans for each country.","####Human:
generate a U Mobile FAQ prompt for Can I use my U Mobile plan in other countries without roaming?

###Assistant:
While U Mobile offers international roaming, it's advisable to check roaming rates and plans for each country.
"
What are the benefits of U Mobile's Giler Unlimited GX68 plan?,The Giler Unlimited GX68 plan offers unlimited high-speed data and unlimited calls to all networks.,"####Human:
generate a U Mobile FAQ prompt for What are the benefits of U Mobile's Giler Unlimited GX68 plan?

###Assistant:
The Giler Unlimited GX68 plan offers unlimited high-speed data and unlimited calls to all networks.
"
How do I check for the latest U Mobile promotions?,Check the U Mobile website or app for the latest promotions and offers.,"####Human:
generate a U Mobile FAQ prompt for How do I check for the latest U Mobile promotions?

###Assistant:
Check the U Mobile website or app for the latest promotions and offers.
"
Can I use U Mobile data for hotspot tethering?,"Yes, you can use U Mobile data for hotspot tethering. Check your plan for specific details.","####Human:
generate a U Mobile FAQ prompt for Can I use U Mobile data for hotspot tethering?

###Assistant:
Yes, you can use U Mobile data for hotspot tethering. Check your plan for specific details.
"
Is there a limit to the number of U Mobile supplementary lines I can have?,The number of supplementary lines you can have may vary; check with U Mobile customer service for details.,"####Human:
generate a U Mobile FAQ prompt for Is there a limit to the number of U Mobile supplementary lines I can have?

###Assistant:
The number of supplementary lines you can have may vary; check with U Mobile customer service for details.
"
How can I activate the U Mobile Data Backpack for international roaming?,Activate the U Mobile Data Backpack for international roaming through the U Mobile app or by contacting customer service.,"####Human:
generate a U Mobile FAQ prompt for How can I activate the U Mobile Data Backpack for international roaming?

###Assistant:
Activate the U Mobile Data Backpack for international roaming through the U Mobile app or by contacting customer service.
"
What is the validity period for the U Mobile GX30 prepaid plan?,The validity period for the U Mobile GX30 prepaid plan is 30 days.,"####Human:
generate a U Mobile FAQ prompt for What is the validity period for the U Mobile GX30 prepaid plan?

###Assistant:
The validity period for the U Mobile GX30 prepaid plan is 30 days.
"
Are there any discounts for students on U Mobile plans?,U Mobile may offer student discounts on certain plans; check the U Mobile website for details.,"####Human:
generate a U Mobile FAQ prompt for Are there any discounts for students on U Mobile plans?

###Assistant:
U Mobile may offer student discounts on certain plans; check the U Mobile website for details.
"
What is the U Mobile DataStrong postpaid plan?,The U Mobile DataStrong postpaid plan provides high-speed data and unlimited calls.,"####Human:
generate a U Mobile FAQ prompt for What is the U Mobile DataStrong postpaid plan?

###Assistant:
The U Mobile DataStrong postpaid plan provides high-speed data and unlimited calls.
"
Can I transfer credit to another U Mobile user?,You can transfer credit to another U Mobile user through the U Mobile app or by dialing *118#.,"####Human:
generate a U Mobile FAQ prompt for Can I transfer credit to another U Mobile user?

###Assistant:
You can transfer credit to another U Mobile user through the U Mobile app or by dialing *118#.
"
How do I enable international direct dialing (IDD) on my U Mobile number?,Enable international direct dialing (IDD) on your U Mobile number by contacting customer service.,"####Human:
generate a U Mobile FAQ prompt for How do I enable international direct dialing (IDD) on my U Mobile number?

###Assistant:
Enable international direct dialing (IDD) on your U Mobile number by contacting customer service.
"
Are there any charges for changing my U Mobile postpaid plan?,Charges for changing your U Mobile postpaid plan may apply; check the terms and conditions for details.,"####Human:
generate a U Mobile FAQ prompt for Are there any charges for changing my U Mobile postpaid plan?

###Assistant:
Charges for changing your U Mobile postpaid plan may apply; check the terms and conditions for details.
"
"What is the U Mobile community forum, and how can I join?",The U Mobile community forum is an online platform for U Mobile users to discuss and share information. Join through the U Mobile website.,"####Human:
generate a U Mobile FAQ prompt for What is the U Mobile community forum, and how can I join?

###Assistant:
The U Mobile community forum is an online platform for U Mobile users to discuss and share information. Join through the U Mobile website.
"
Can I use my U Mobile plan on a dual SIM phone?,"Yes, you can use U Mobile on a dual SIM phone. Ensure that your phone is compatible with U Mobile's network.","####Human:
generate a U Mobile FAQ prompt for Can I use my U Mobile plan on a dual SIM phone?

###Assistant:
Yes, you can use U Mobile on a dual SIM phone. Ensure that your phone is compatible with U Mobile's network.
"
How can I subscribe to U Mobile's yearly prepaid plan?,Subscribe to U Mobile's yearly prepaid plan through the U Mobile app or by dialing *118#.,"####Human:
generate a U Mobile FAQ prompt for How can I subscribe to U Mobile's yearly prepaid plan?

###Assistant:
Subscribe to U Mobile's yearly prepaid plan through the U Mobile app or by dialing *118#.
"
What is the U Mobile network's 5G coverage like?,Check the U Mobile website for information on 5G coverage areas and availability.,"####Human:
generate a U Mobile FAQ prompt for What is the U Mobile network's 5G coverage like?

###Assistant:
Check the U Mobile website for information on 5G coverage areas and availability.
"
How can I block unwanted calls on my U Mobile number?,Block unwanted calls on your U Mobile number through the U Mobile app or by contacting customer service.,"####Human:
generate a U Mobile FAQ prompt for How can I block unwanted calls on my U Mobile number?

###Assistant:
Block unwanted calls on your U Mobile number through the U Mobile app or by contacting customer service.
"
Are there any restrictions on using U Mobile for online gaming?,There may be no specific restrictions on using U Mobile for online gaming; ensure your plan meets your data needs.,"####Human:
generate a U Mobile FAQ prompt for Are there any restrictions on using U Mobile for online gaming?

###Assistant:
There may be no specific restrictions on using U Mobile for online gaming; ensure your plan meets your data needs.
"
What is the U Mobile Terer Data prepaid plan?,The U Mobile Terer Data prepaid plan offers high-speed data and unlimited calls.,"####Human:
generate a U Mobile FAQ prompt for What is the U Mobile Terer Data prepaid plan?

###Assistant:
The U Mobile Terer Data prepaid plan offers high-speed data and unlimited calls.
"
How can I check my U Mobile bill details online?,Check your U Mobile bill details online through the U Mobile app or website.,"####Human:
generate a U Mobile FAQ prompt for How can I check my U Mobile bill details online?

###Assistant:
Check your U Mobile bill details online through the U Mobile app or website.
"
What is the U Mobile device financing program?,The U Mobile device financing program allows you to purchase devices on installment plans.,"####Human:
generate a U Mobile FAQ prompt for What is the U Mobile device financing program?

###Assistant:
The U Mobile device financing program allows you to purchase devices on installment plans.
"
Are there any special offers for porting to U Mobile from another carrier?,Special offers for porting to U Mobile may be available; check the U Mobile website for promotions.,"####Human:
generate a U Mobile FAQ prompt for Are there any special offers for porting to U Mobile from another carrier?

###Assistant:
Special offers for porting to U Mobile may be available; check the U Mobile website for promotions.
"
Can I use U Mobile for international calls without roaming?,"While U Mobile offers international roaming, it's advisable to check roaming rates for international calls.","####Human:
generate a U Mobile FAQ prompt for Can I use U Mobile for international calls without roaming?

###Assistant:
While U Mobile offers international roaming, it's advisable to check roaming rates for international calls.
"
How do I deactivate a U Mobile Value Added Service (VAS)?,Deactivate a U Mobile Value Added Service (VAS) through the U Mobile app or by contacting customer service.,"####Human:
generate a U Mobile FAQ prompt for How do I deactivate a U Mobile Value Added Service (VAS)?

###Assistant:
Deactivate a U Mobile Value Added Service (VAS) through the U Mobile app or by contacting customer service.
"
What steps should I follow if my U Mobile SIM card is damaged?,"If your U Mobile SIM card is damaged, visit a U Mobile store for a replacement.","####Human:
generate a U Mobile FAQ prompt for What steps should I follow if my U Mobile SIM card is damaged?

###Assistant:
If your U Mobile SIM card is damaged, visit a U Mobile store for a replacement.
"
Is there a trial period for U Mobile plans?,There may not be a trial period for U Mobile plans; check the terms and conditions for details.,"####Human:
generate a U Mobile FAQ prompt for Is there a trial period for U Mobile plans?

###Assistant:
There may not be a trial period for U Mobile plans; check the terms and conditions for details.
"
What is the U Mobile TravelPass?,"U Mobile TravelPass is a roaming plan that provides data, calls, and SMS in selected countries.","####Human:
generate a U Mobile FAQ prompt for What is the U Mobile TravelPass?

###Assistant:
U Mobile TravelPass is a roaming plan that provides data, calls, and SMS in selected countries.
"
Can I use U Mobile for online banking transactions?,"Yes, you can use U Mobile for online banking transactions. Ensure you have a stable data connection.","####Human:
generate a U Mobile FAQ prompt for Can I use U Mobile for online banking transactions?

###Assistant:
Yes, you can use U Mobile for online banking transactions. Ensure you have a stable data connection.
"
How can I redeem U Mobile rewards points?,Redeem U Mobile rewards points through the U Mobile app or website in the rewards section.,"####Human:
generate a U Mobile FAQ prompt for How can I redeem U Mobile rewards points?

###Assistant:
Redeem U Mobile rewards points through the U Mobile app or website in the rewards section.
"
Are there any data-only plans offered by U Mobile?,"Yes, U Mobile offers data-only plans for users who primarily need data for internet access.","####Human:
generate a U Mobile FAQ prompt for Are there any data-only plans offered by U Mobile?

###Assistant:
Yes, U Mobile offers data-only plans for users who primarily need data for internet access.
"
What is the difference between U Mobile prepaid and postpaid plans?,"Prepaid plans require upfront payment, while postpaid plans are billed monthly. Both offer different benefits.","####Human:
generate a U Mobile FAQ prompt for What is the difference between U Mobile prepaid and postpaid plans?

###Assistant:
Prepaid plans require upfront payment, while postpaid plans are billed monthly. Both offer different benefits.
"
How do I activate the U Mobile GoInsure 3?,Activate U Mobile GoInsure 3 through the U Mobile app or by contacting customer service.,"####Human:
generate a U Mobile FAQ prompt for How do I activate the U Mobile GoInsure 3?

###Assistant:
Activate U Mobile GoInsure 3 through the U Mobile app or by contacting customer service.
"
Can I subscribe to U Mobile plans if I am not a Malaysian resident?,Non-Malaysian residents may be eligible for certain U Mobile plans. Check with customer service for details.,"####Human:
generate a U Mobile FAQ prompt for Can I subscribe to U Mobile plans if I am not a Malaysian resident?

###Assistant:
Non-Malaysian residents may be eligible for certain U Mobile plans. Check with customer service for details.
"
What is the U Mobile Internet Share Plan?,U Mobile Internet Share Plan allows you to share data with multiple devices or family members.,"####Human:
generate a U Mobile FAQ prompt for What is the U Mobile Internet Share Plan?

###Assistant:
U Mobile Internet Share Plan allows you to share data with multiple devices or family members.
"
How can I track my data usage in real-time with U Mobile?,Track your data usage in real-time through the U Mobile app or by dialing *118#.,"####Human:
generate a U Mobile FAQ prompt for How can I track my data usage in real-time with U Mobile?

###Assistant:
Track your data usage in real-time through the U Mobile app or by dialing *118#.
"
What are the international call rates for U Mobile plans?,Check the U Mobile website or app for international call rates for specific countries.,"####Human:
generate a U Mobile FAQ prompt for What are the international call rates for U Mobile plans?

###Assistant:
Check the U Mobile website or app for international call rates for specific countries.
"
Can I purchase additional high-speed data after exhausting my quota?,"Yes, you can purchase additional high-speed data after exhausting your quota through the U Mobile app.","####Human:
generate a U Mobile FAQ prompt for Can I purchase additional high-speed data after exhausting my quota?

###Assistant:
Yes, you can purchase additional high-speed data after exhausting your quota through the U Mobile app.
"
What is the U Mobile GX50 postpaid plan?,"The U Mobile GX50 postpaid plan offers high-speed data, unlimited calls, and additional benefits.","####Human:
generate a U Mobile FAQ prompt for What is the U Mobile GX50 postpaid plan?

###Assistant:
The U Mobile GX50 postpaid plan offers high-speed data, unlimited calls, and additional benefits.
"
How do I activate the U Mobile Data Only SIM?,Activate the U Mobile Data Only SIM through the U Mobile app or by visiting a U Mobile store.,"####Human:
generate a U Mobile FAQ prompt for How do I activate the U Mobile Data Only SIM?

###Assistant:
Activate the U Mobile Data Only SIM through the U Mobile app or by visiting a U Mobile store.
"
Are there any add-ons available for U Mobile prepaid plans?,"Add-ons for U Mobile prepaid plans may include extra data, calls, or validity period extensions.","####Human:
generate a U Mobile FAQ prompt for Are there any add-ons available for U Mobile prepaid plans?

###Assistant:
Add-ons for U Mobile prepaid plans may include extra data, calls, or validity period extensions.
"
What is the U Mobile AnyShare family plan?,The U Mobile AnyShare family plan allows family members to share data and enjoy unlimited calls.,"####Human:
generate a U Mobile FAQ prompt for What is the U Mobile AnyShare family plan?

###Assistant:
The U Mobile AnyShare family plan allows family members to share data and enjoy unlimited calls.
"
Can I use U Mobile for mobile tethering?,"Yes, you can use U Mobile for mobile tethering. Check your plan for specific details.","####Human:
generate a U Mobile FAQ prompt for Can I use U Mobile for mobile tethering?

###Assistant:
Yes, you can use U Mobile for mobile tethering. Check your plan for specific details.
"
How can I check for U Mobile network outages?,Check for U Mobile network outages through the U Mobile app or by contacting customer service.,"####Human:
generate a U Mobile FAQ prompt for How can I check for U Mobile network outages?

###Assistant:
Check for U Mobile network outages through the U Mobile app or by contacting customer service.
"
What is the validity period for the U Mobile Power Prepaid Pack?,The validity period for the U Mobile Power Prepaid Pack may vary; check the specific plan for details.,"####Human:
generate a U Mobile FAQ prompt for What is the validity period for the U Mobile Power Prepaid Pack?

###Assistant:
The validity period for the U Mobile Power Prepaid Pack may vary; check the specific plan for details.
"
Is there a loyalty program for U Mobile subscribers?,U Mobile may offer a loyalty program for subscribers; check the U Mobile website for information.,"####Human:
generate a U Mobile FAQ prompt for Is there a loyalty program for U Mobile subscribers?

###Assistant:
U Mobile may offer a loyalty program for subscribers; check the U Mobile website for information.
"
What is the U Mobile Entertainment plan?,The U Mobile Entertainment plan may include data for streaming services and additional content.,"####Human:
generate a U Mobile FAQ prompt for What is the U Mobile Entertainment plan?

###Assistant:
The U Mobile Entertainment plan may include data for streaming services and additional content.
"
How do I change my U Mobile account password?,Change your U Mobile account password through the U Mobile app or by contacting customer service.,"####Human:
generate a U Mobile FAQ prompt for How do I change my U Mobile account password?

###Assistant:
Change your U Mobile account password through the U Mobile app or by contacting customer service.
"
Can I use U Mobile for conference calls?,"Yes, you can use U Mobile for conference calls. Ensure your plan supports the required features.","####Human:
generate a U Mobile FAQ prompt for Can I use U Mobile for conference calls?

###Assistant:
Yes, you can use U Mobile for conference calls. Ensure your plan supports the required features.
"
What is the U Mobile Video-Onz feature?,U Mobile Video-Onz allows you to stream videos on selected platforms without consuming your data.,"####Human:
generate a U Mobile FAQ prompt for What is the U Mobile Video-Onz feature?

###Assistant:
U Mobile Video-Onz allows you to stream videos on selected platforms without consuming your data.
"
How do I update my contact information with U Mobile?,Update your contact information with U Mobile through the U Mobile app or by visiting a U Mobile store.,"####Human:
generate a U Mobile FAQ prompt for How do I update my contact information with U Mobile?

###Assistant:
Update your contact information with U Mobile through the U Mobile app or by visiting a U Mobile store.
"
"What is the U Mobile e-wallet, GoPayz?","U Mobile e-wallet, GoPayz, allows users to make payments, transfer funds, and enjoy various financial services.","####Human:
generate a U Mobile FAQ prompt for What is the U Mobile e-wallet, GoPayz?

###Assistant:
U Mobile e-wallet, GoPayz, allows users to make payments, transfer funds, and enjoy various financial services.
"
Can I change my U Mobile prepaid plan to a postpaid plan?,Changing from U Mobile prepaid to postpaid may require contacting customer service or visiting a U Mobile store.,"####Human:
generate a U Mobile FAQ prompt for Can I change my U Mobile prepaid plan to a postpaid plan?

###Assistant:
Changing from U Mobile prepaid to postpaid may require contacting customer service or visiting a U Mobile store.
"
How do I activate the U Mobile Share 20 plan?,Activate the U Mobile Share 20 plan through the U Mobile app or by dialing *118#.,"####Human:
generate a U Mobile FAQ prompt for How do I activate the U Mobile Share 20 plan?

###Assistant:
Activate the U Mobile Share 20 plan through the U Mobile app or by dialing *118#.
"
Are there any restrictions on using U Mobile for online streaming?,"While there may not be specific restrictions, ensure your U Mobile plan meets the data needs for online streaming.","####Human:
generate a U Mobile FAQ prompt for Are there any restrictions on using U Mobile for online streaming?

###Assistant:
While there may not be specific restrictions, ensure your U Mobile plan meets the data needs for online streaming.
"
What is the U Mobile MB 40 prepaid plan?,"The U Mobile MB 40 prepaid plan offers high-speed data, calls, and additional benefits.","####Human:
generate a U Mobile FAQ prompt for What is the U Mobile MB 40 prepaid plan?

###Assistant:
The U Mobile MB 40 prepaid plan offers high-speed data, calls, and additional benefits.
"
How can I transfer ownership of a U Mobile number?,Transfer ownership of a U Mobile number by contacting customer service or visiting a U Mobile store.,"####Human:
generate a U Mobile FAQ prompt for How can I transfer ownership of a U Mobile number?

###Assistant:
Transfer ownership of a U Mobile number by contacting customer service or visiting a U Mobile store.
"
Can I use U Mobile for gaming on a PC or console?,U Mobile can be used for gaming on a PC or console with suitable data plans. Check for specific gaming features.,"####Human:
generate a U Mobile FAQ prompt for Can I use U Mobile for gaming on a PC or console?

###Assistant:
U Mobile can be used for gaming on a PC or console with suitable data plans. Check for specific gaming features.
"
What is the U Mobile Hero Unlimited P139 plan?,The U Mobile Hero Unlimited P139 plan offers unlimited high-speed data and additional benefits.,"####Human:
generate a U Mobile FAQ prompt for What is the U Mobile Hero Unlimited P139 plan?

###Assistant:
The U Mobile Hero Unlimited P139 plan offers unlimited high-speed data and additional benefits.
"
How do I check for U Mobile 4G LTE coverage in my area?,Check for U Mobile 4G LTE coverage in your area through the U Mobile app or website.,"####Human:
generate a U Mobile FAQ prompt for How do I check for U Mobile 4G LTE coverage in my area?

###Assistant:
Check for U Mobile 4G LTE coverage in your area through the U Mobile app or website.
"
Can I use U Mobile for online shopping transactions?,"Yes, you can use U Mobile for online shopping transactions. Ensure a secure data connection.","####Human:
generate a U Mobile FAQ prompt for Can I use U Mobile for online shopping transactions?

###Assistant:
Yes, you can use U Mobile for online shopping transactions. Ensure a secure data connection.
"
What is the U Mobile Power Prepaid Internet plan?,The U Mobile Power Prepaid Internet plan provides high-speed data for internet access.,"####Human:
generate a U Mobile FAQ prompt for What is the U Mobile Power Prepaid Internet plan?

###Assistant:
The U Mobile Power Prepaid Internet plan provides high-speed data for internet access.
"
How do I retrieve my U Mobile voicemail password?,Retrieve your U Mobile voicemail password through the U Mobile app or by contacting customer service.,"####Human:
generate a U Mobile FAQ prompt for How do I retrieve my U Mobile voicemail password?

###Assistant:
Retrieve your U Mobile voicemail password through the U Mobile app or by contacting customer service.
"
Can I use U Mobile for VoIP (Voice over Internet Protocol) calls?,U Mobile can be used for VoIP calls; ensure your plan supports the required data speeds.,"####Human:
generate a U Mobile FAQ prompt for Can I use U Mobile for VoIP (Voice over Internet Protocol) calls?

###Assistant:
U Mobile can be used for VoIP calls; ensure your plan supports the required data speeds.
"
What is the U Mobile Unlimited HERO P139 postpaid plan?,"The U Mobile Unlimited HERO P139 postpaid plan offers unlimited data, calls, and additional perks.","####Human:
generate a U Mobile FAQ prompt for What is the U Mobile Unlimited HERO P139 postpaid plan?

###Assistant:
The U Mobile Unlimited HERO P139 postpaid plan offers unlimited data, calls, and additional perks.
"
How can I subscribe to U Mobile's weekly prepaid plan?,Subscribe to U Mobile's weekly prepaid plan through the U Mobile app or by dialing *118#.,"####Human:
generate a U Mobile FAQ prompt for How can I subscribe to U Mobile's weekly prepaid plan?

###Assistant:
Subscribe to U Mobile's weekly prepaid plan through the U Mobile app or by dialing *118#.
"
Are there any U Mobile plans for senior citizens?,Check for U Mobile plans designed for senior citizens on the U Mobile website or contact customer service.,"####Human:
generate a U Mobile FAQ prompt for Are there any U Mobile plans for senior citizens?

###Assistant:
Check for U Mobile plans designed for senior citizens on the U Mobile website or contact customer service.
"
What is the U Mobile Hero Unlimited P99 plan?,The U Mobile Hero Unlimited P99 plan provides unlimited data and calls at a lower price point.,"####Human:
generate a U Mobile FAQ prompt for What is the U Mobile Hero Unlimited P99 plan?

###Assistant:
The U Mobile Hero Unlimited P99 plan provides unlimited data and calls at a lower price point.
"
How can I deactivate a U Mobile Value Added Service (VAS)?,Deactivate a U Mobile Value Added Service (VAS) through the U Mobile app or by contacting customer service.,"####Human:
generate a U Mobile FAQ prompt for How can I deactivate a U Mobile Value Added Service (VAS)?

###Assistant:
Deactivate a U Mobile Value Added Service (VAS) through the U Mobile app or by contacting customer service.
"
Is there a U Mobile app for iPad or Android tablets?,"Yes, there is a U Mobile app available for iPad and Android tablets.","####Human:
generate a U Mobile FAQ prompt for Is there a U Mobile app for iPad or Android tablets?

###Assistant:
Yes, there is a U Mobile app available for iPad and Android tablets.
"
What is the U Mobile Giler Bagus prepaid plan?,"The U Mobile Giler Bagus prepaid plan offers high-speed data, calls, and additional benefits.","####Human:
generate a U Mobile FAQ prompt for What is the U Mobile Giler Bagus prepaid plan?

###Assistant:
The U Mobile Giler Bagus prepaid plan offers high-speed data, calls, and additional benefits.
"
How do I activate the U Mobile Prepaid Plus plan?,Activate the U Mobile Prepaid Plus plan through the U Mobile app or by dialing *118#.,"####Human:
generate a U Mobile FAQ prompt for How do I activate the U Mobile Prepaid Plus plan?

###Assistant:
Activate the U Mobile Prepaid Plus plan through the U Mobile app or by dialing *118#.
"
Can I use U Mobile for online education and video conferencing?,"Yes, you can use U Mobile for online education and video conferencing. Check your plan for specific data allowances.","####Human:
generate a U Mobile FAQ prompt for Can I use U Mobile for online education and video conferencing?

###Assistant:
Yes, you can use U Mobile for online education and video conferencing. Check your plan for specific data allowances.
"
What is the U Mobile Prepaid Starter Pack?,The U Mobile Prepaid Starter Pack includes a SIM card and basic prepaid plan. Activate it through the U Mobile app or by dialing *118#.,"####Human:
generate a U Mobile FAQ prompt for What is the U Mobile Prepaid Starter Pack?

###Assistant:
The U Mobile Prepaid Starter Pack includes a SIM card and basic prepaid plan. Activate it through the U Mobile app or by dialing *118#.
"
How do I check the U Mobile loyalty points balance?,Check your U Mobile loyalty points balance through the U Mobile app or website.,"####Human:
generate a U Mobile FAQ prompt for How do I check the U Mobile loyalty points balance?

###Assistant:
Check your U Mobile loyalty points balance through the U Mobile app or website.
"
Can I use U Mobile to make international calls from Malaysia?,"Yes, you can use U Mobile to make international calls from Malaysia. Check the international call rates for details.","####Human:
generate a U Mobile FAQ prompt for Can I use U Mobile to make international calls from Malaysia?

###Assistant:
Yes, you can use U Mobile to make international calls from Malaysia. Check the international call rates for details.
"
